{
  "gaze_points": [
    [
      0.48920521171666387,
      0.6449856094433907
    ],
    [
      0.48113998637042676,
      0.6460618855543534
    ],
    [
      0.4754915714117127,
      0.6465401761300951
    ],
    [
      0.4802873180519493,
      0.6500761949149139
    ],
    [
      0.4779564616310291,
      0.6514828992689685
    ],
    [
      0.4695031620603568,
      0.6553702591751678
    ],
    [
      0.47505255953647796,
      0.6585009321368174
    ],
    [
      0.47219484691946956,
      0.6603264475884927
    ],
    [
      0.46954448636153184,
      0.6615455381781045
    ]
  ],
  "screen_points": [
    [
      0.1,
      0.1
    ],
    [
      0.5,
      0.1
    ],
    [
      0.9,
      0.1
    ],
    [
      0.1,
      0.5
    ],
    [
      0.5,
      0.5
    ],
    [
      0.9,
      0.5
    ],
    [
      0.1,
      0.9
    ],
    [
      0.5,
      0.9
    ],
    [
      0.9,
      0.9
    ]
  ],
  "quality_scores": [
    0.999785950026326,
    0.9998769661109429,
    0.9998739738545307,
    0.9998778512543511,
    0.9998814514026642,
    0.9998414657229997,
    0.9998779333330753,
    0.9998821511402168,
    0.9998468925891449
  ],
  "timestamp": 1755163002.04187,
  "rbf_smooth_factor": 0.001,
  "avg_quality": 0.9998605150482504,
  "avg_error": 8.601368930192827,
  "max_error": 15.96308745084727,
  "quality_grade": "FAIR"
}