{
  "screen_points": [
    [
      0.1,
      0.1
    ],
    [
      0.9,
      0.1
    ],
    [
      0.1,
      0.9
    ],
    [
      0.9,
      0.9
    ],
    [
      0.1,
      0.5
    ],
    [
      0.9,
      0.5
    ],
    [
      0.5,
      0.1
    ],
    [
      0.5,
      0.9
    ],
    [
      0.25,
      0.25
    ],
    [
      0.75,
      0.25
    ],
    [
      0.25,
      0.75
    ],
    [
      0.75,
      0.75
    ],
    [
      0.25,
      0.5
    ],
    [
      0.75,
      0.5
    ],
    [
      0.5,
      0.35
    ],
    [
      0.5,
      0.65
    ],
    [
      0.1,
      0.1
    ],
    [
      0.9,
      0.1
    ],
    [
      0.1,
      0.9
    ],
    [
      0.9,
      0.9
    ],
    [
      0.1,
      0.5
    ],
    [
      0.9,
      0.5
    ],
    [
      0.5,
      0.1
    ],
    [
      0.5,
      0.9
    ],
    [
      0.25,
      0.25
    ],
    [
      0.75,
      0.25
    ],
    [
      0.25,
      0.75
    ],
    [
      0.75,
      0.75
    ],
    [
      0.25,
      0.5
    ],
    [
      0.75,
      0.5
    ],
    [
      0.5,
      0.35
    ],
    [
      0.5,
      0.65
    ]
  ],
  "gaze_points": [
    [
      0.5162433235328955,
      0.6251494489885139
    ],
    [
      0.5156780845513753,
      0.623239170338445
    ],
    [
      0.5185863822624445,
      0.6269307880046421
    ],
    [
      0.5123751174318532,
      0.6341216733676245
    ],
    [
      0.5162206785710082,
      0.6330335136401761
    ],
    [
      0.5149417606407352,
      0.6314786390133972
    ],
    [
      0.5070624058547901,
      0.6310436203052929
    ],
    [
      0.5129860233176838,
      0.6272682683034377
    ],
    [
      0.5158669271316447,
      0.6198557916666838
    ],
    [
      0.5153621523348065,
      0.6181943227721164
    ],
    [
      0.5166826220811991,
      0.621652796008898
    ],
    [
      0.5123709442305279,
      0.6224413645318629
    ],
    [
      0.5161633688613203,
      0.6221034820070382
    ],
    [
      0.512311642199866,
      0.6216851140114752
    ],
    [
      0.5132239423304122,
      0.6211013183097467
    ],
    [
      0.5136974265196048,
      0.622412916110067
    ],
    [
      0.5246662480180887,
      0.6349182878327407
    ],
    [
      0.5229321001904869,
      0.6346025400806357
    ],
    [
      0.4922888556664641,
      0.6332215395840731
    ],
    [
      0.5203200465988057,
      0.6454085939061165
    ],
    [
      0.520672201304176,
      0.6459236355364697
    ],
    [
      0.5202104469483888,
      0.6428596070611231
    ],
    [
      0.5106444180195037,
      0.6414861201947799
    ],
    [
      0.5103579146520053,
      0.6426199213051413
    ],
    [
      0.5108941540579746,
      0.6395156572023099
    ],
    [
      0.5192588683530426,
      0.6217816270902188
    ],
    [
      0.5143003655217174,
      0.6321419415200812
    ],
    [
      0.5101840069171746,
      0.6333865713091158
    ],
    [
      0.5041061536298733,
      0.6367480259767094
    ],
    [
      0.5042325853504848,
      0.6367908585544306
    ],
    [
      0.5005037861294531,
      0.6333450647819657
    ],
    [
      0.5023393772584611,
      0.6338290230434677
    ]
  ],
  "quality_scores": [
    1.0,
    1.0,
    1.0,
    1.0,
    1.0,
    1.0,
    1.0,
    1.0,
    1.0,
    1.0,
    1.0,
    1.0,
    1.0,
    1.0,
    1.0,
    1.0,
    0.8120337075733082,
    0.8184387445720243,
    0.8333333333333334,
    0.8372552656944803,
    0.8758188046246514,
    0.8414994934295238,
    0.8441395503817132,
    0.8633388504058337,
    0.8416360415533031,
    0.8226403482267152,
    0.8572722994129307,
    0.855565192565949,
    0.8570711851997884,
    0.8384336961872916,
    0.8127879135321385,
    0.8614643162204964
  ],
  "weights": [
    0.30000000000000004,
    0.30000000000000004,
    0.30000000000000004,
    0.30000000000000004,
    0.30000000000000004,
    0.30000000000000004,
    0.30000000000000004,
    0.30000000000000004,
    0.30000000000000004,
    0.30000000000000004,
    0.30000000000000004,
    0.30000000000000004,
    0.30000000000000004,
    0.30000000000000004,
    0.30000000000000004,
    0.30000000000000004,
    0.7,
    0.7,
    0.7,
    0.7,
    0.7,
    0.7,
    0.7,
    0.7,
    0.7,
    0.7,
    0.7,
    0.7,
    0.7,
    0.7,
    0.7,
    0.7
  ],
  "timestamp": 1755025033.461124,
  "total_sessions": 3
}